{"cameraMode":{"drawMode":0,"name":"Shaded","section":"Shading Mode"},"sceneLighting":true,"audioPlay":false,"sceneViewState":{"showFog":true,"showMaterialUpdate":false,"showSkybox":true,"showFlares":true,"showImageEffects":true,"showParticleSystems":true},"in2DMode":false,"pivot":{"x":-16.833881378173829,"y":-12.255996704101563,"z":17.561859130859376},"rotation":{"x":-0.2085847109556198,"y":0.20137231051921845,"z":-0.04393457621335983,"w":-0.9560391902923584},"size":31.521411895751954,"orthographic":false}