{"cameraMode":{"drawMode":0,"name":"Shaded","section":"Shading Mode"},"sceneLighting":true,"audioPlay":false,"sceneViewState":{"showFog":true,"showMaterialUpdate":false,"showSkybox":true,"showFlares":true,"showImageEffects":true,"showParticleSystems":true},"in2DMode":false,"pivot":{"x":-1.1273218393325806,"y":1.5731348991394044,"z":0.29180672764778139},"rotation":{"x":0.009285397827625275,"y":-0.07193965464830399,"z":0.0006694008479826152,"w":0.9973671436309815},"size":4.9727888107299809,"orthographic":false}